{"cameraMode":{"drawMode":0,"name":"Shaded","section":"Shading Mode"},"sceneLighting":false,"audioPlay":false,"sceneViewState":{"m_AlwaysRefresh":false,"showFog":true,"showSkybox":false,"showFlares":true,"showImageEffects":true,"showParticleSystems":true,"showVisualEffectGraphs":true,"m_FxEnabled":true},"in2DMode":false,"pivot":{"x":0.9491109848022461,"y":0.1708790510892868,"z":1.260839819908142},"rotation":{"x":0.053853776305913928,"y":0.5914609432220459,"z":-0.039604928344488147,"w":0.8035775423049927},"size":3.007394790649414,"orthographic":false}