{"cameraMode":{"drawMode":0,"name":"Shaded","section":"Shading Mode"},"sceneLighting":false,"audioPlay":false,"sceneViewState":{"m_AlwaysRefresh":false,"showFog":true,"showSkybox":false,"showFlares":true,"showImageEffects":true,"showParticleSystems":true,"showVisualEffectGraphs":true,"m_FxEnabled":true},"in2DMode":false,"pivot":{"x":17.919734954833986,"y":-2.9212679862976076,"z":-80.70411682128906},"rotation":{"x":0.0018635507440194488,"y":-0.9979121088981628,"z":0.03176136687397957,"w":0.06029469147324562},"size":47.38908767700195,"orthographic":false}