{"cameraMode":{"drawMode":0,"name":"Shaded","section":"Shading Mode"},"sceneLighting":true,"audioPlay":false,"sceneViewState":{"m_AlwaysRefresh":false,"showFog":true,"showSkybox":true,"showFlares":true,"showImageEffects":true,"showParticleSystems":true,"showVisualEffectGraphs":true,"m_FxEnabled":true},"in2DMode":false,"pivot":{"x":66.61133575439453,"y":4.793178558349609,"z":0.8134441375732422},"rotation":{"x":-0.006802230142056942,"y":0.31691694259643557,"z":0.0023347188252955677,"w":0.9483920335769653},"size":12.31117057800293,"orthographic":false}