{"cameraMode":{"drawMode":0,"name":"Shaded","section":"Shading Mode"},"sceneLighting":false,"audioPlay":false,"sceneViewState":{"m_AlwaysRefresh":false,"showFog":true,"showSkybox":false,"showFlares":true,"showImageEffects":true,"showParticleSystems":true,"showVisualEffectGraphs":true,"m_FxEnabled":true},"in2DMode":false,"pivot":{"x":0.24219247698783875,"y":0.257474422454834,"z":0.016217034310102464},"rotation":{"x":0.1161164864897728,"y":-0.017877252772450448,"z":0.002090304624289274,"w":0.9930731058120728},"size":3.5524184703826906,"orthographic":true}