{"cameraMode":{"drawMode":0,"name":"Shaded","section":"Shading Mode"},"sceneLighting":false,"audioPlay":false,"sceneViewState":{"m_AlwaysRefresh":false,"showFog":true,"showSkybox":false,"showFlares":true,"showImageEffects":true,"showParticleSystems":true,"showVisualEffectGraphs":true,"m_FxEnabled":true},"in2DMode":false,"pivot":{"x":-0.3934897780418396,"y":0.18579307198524476,"z":1.1671116352081299},"rotation":{"x":0.011979539878666401,"y":-0.22454679012298585,"z":0.0028230983298271896,"w":0.9743542075157166},"size":1.1329505443572999,"orthographic":false}