{"cameraMode":{"drawMode":0,"name":"Shaded","section":"Shading Mode"},"sceneLighting":false,"audioPlay":false,"sceneViewState":{"m_AlwaysRefresh":false,"showFog":true,"showSkybox":false,"showFlares":true,"showImageEffects":true,"showParticleSystems":true,"showVisualEffectGraphs":true,"m_FxEnabled":true},"in2DMode":false,"pivot":{"x":1.3504245281219483,"y":0.5269875526428223,"z":0.509370744228363},"rotation":{"x":0.024648604914546014,"y":0.8356718420982361,"z":-0.03763066604733467,"w":0.5473847389221191},"size":2.6088504791259767,"orthographic":true}