{"cameraMode":{"drawMode":0,"name":"Shaded","section":"Shading Mode"},"sceneLighting":false,"audioPlay":false,"sceneViewState":{"m_AlwaysRefresh":false,"showFog":true,"showSkybox":false,"showFlares":true,"showImageEffects":true,"showParticleSystems":true,"showVisualEffectGraphs":true,"m_FxEnabled":true},"in2DMode":false,"pivot":{"x":0.3518255949020386,"y":0.6988672614097595,"z":-0.12183839082717896},"rotation":{"x":0.16233842074871064,"y":0.5829327702522278,"z":-0.12021122127771378,"w":0.7870293259620667},"size":0.90739506483078,"orthographic":false}