{"cameraMode":{"drawMode":0,"name":"Shaded","section":"Shading Mode"},"sceneLighting":false,"audioPlay":false,"sceneViewState":{"m_AlwaysRefresh":false,"showFog":true,"showSkybox":false,"showFlares":true,"showImageEffects":true,"showParticleSystems":true,"showVisualEffectGraphs":true,"m_FxEnabled":true},"in2DMode":false,"pivot":{"x":-0.5334629416465759,"y":-0.41396331787109377,"z":0.23358561098575593},"rotation":{"x":0.05298066884279251,"y":0.6611002087593079,"z":-0.046890512108802798,"w":0.7469602823257446},"size":9.369661331176758,"orthographic":false}