{"cameraMode":{"drawMode":0,"name":"Shaded","section":"Shading Mode"},"sceneLighting":false,"audioPlay":false,"sceneViewState":{"m_AlwaysRefresh":false,"showFog":true,"showSkybox":false,"showFlares":true,"showImageEffects":true,"showParticleSystems":true,"showVisualEffectGraphs":true,"m_FxEnabled":true},"in2DMode":false,"pivot":{"x":1.5938844680786133,"y":-0.5551987886428833,"z":0.06614762544631958},"rotation":{"x":0.13132445514202119,"y":-0.7129332423210144,"z":0.13885340094566346,"w":0.6746323108673096},"size":1.723454236984253,"orthographic":false}