{"cameraMode":{"drawMode":0,"name":"Shaded","section":"Shading Mode"},"sceneLighting":false,"audioPlay":false,"sceneViewState":{"m_AlwaysRefresh":false,"showFog":true,"showSkybox":false,"showFlares":true,"showImageEffects":true,"showParticleSystems":true,"showVisualEffectGraphs":true,"m_FxEnabled":true},"in2DMode":false,"pivot":{"x":0.022578716278076173,"y":-8.283254970820053e-8,"z":-0.7232721447944641},"rotation":{"x":0.0010826154612004758,"y":-0.9987491965293884,"z":0.0407816506922245,"w":0.02726578153669834},"size":2.395624876022339,"orthographic":false}