{"cameraMode":{"drawMode":0,"name":"Shaded","section":"Shading Mode"},"sceneLighting":false,"audioPlay":false,"sceneViewState":{"m_AlwaysRefresh":false,"showFog":true,"showSkybox":false,"showFlares":true,"showImageEffects":true,"showParticleSystems":true,"showVisualEffectGraphs":true,"m_FxEnabled":true},"in2DMode":false,"pivot":{"x":-0.31371796131134035,"y":0.14259999990463258,"z":-2.2090706825256349},"rotation":{"x":0.00048644375056028366,"y":0.9988126158714294,"z":0.010178495198488236,"w":-0.0476793609559536},"size":1.8073949813842774,"orthographic":false}