{"cameraMode":{"drawMode":0,"name":"Shaded","section":"Shading Mode"},"sceneLighting":false,"audioPlay":false,"sceneViewState":{"m_AlwaysRefresh":false,"showFog":true,"showSkybox":false,"showFlares":true,"showImageEffects":true,"showParticleSystems":true,"showVisualEffectGraphs":true,"m_FxEnabled":true},"in2DMode":false,"pivot":{"x":-5.82121467590332,"y":0.6214375495910645,"z":-0.8261914253234863},"rotation":{"x":0.058841682970523837,"y":0.6289209127426148,"z":-0.04782441630959511,"w":0.7737667560577393},"size":1.4723620414733887,"orthographic":true}