{"cameraMode":{"drawMode":0,"name":"Shaded","section":"Shading Mode"},"sceneLighting":false,"audioPlay":false,"sceneViewState":{"m_AlwaysRefresh":false,"showFog":true,"showSkybox":false,"showFlares":true,"showImageEffects":true,"showParticleSystems":true,"showVisualEffectGraphs":true,"m_FxEnabled":true},"in2DMode":false,"pivot":{"x":2.4139060974121095,"y":2.529555320739746,"z":23.391054153442384},"rotation":{"x":0.13488921523094178,"y":0.005949291400611401,"z":-0.000749278930015862,"w":0.990806519985199},"size":18.372873306274415,"orthographic":false}