{"cameraMode":{"drawMode":0,"name":"Shaded","section":"Shading Mode"},"sceneLighting":false,"audioPlay":false,"sceneViewState":{"m_AlwaysRefresh":false,"showFog":true,"showSkybox":false,"showFlares":true,"showImageEffects":true,"showParticleSystems":true,"showVisualEffectGraphs":true,"m_FxEnabled":true},"in2DMode":false,"pivot":{"x":3.1945302486419679,"y":0.3155916631221771,"z":0.7504011392593384},"rotation":{"x":0.042523764073848727,"y":0.6264988780021668,"z":-0.03372548893094063,"w":0.7774738669395447},"size":3.6619935035705568,"orthographic":false}