{"cameraMode":{"drawMode":0,"name":"Shaded","section":"Shading Mode"},"sceneLighting":false,"audioPlay":false,"sceneViewState":{"m_AlwaysRefresh":false,"showFog":true,"showSkybox":false,"showFlares":true,"showImageEffects":true,"showParticleSystems":true,"showVisualEffectGraphs":true,"m_FxEnabled":true},"in2DMode":false,"pivot":{"x":13.26698112487793,"y":-0.38526201248168948,"z":-6.0547685623168949},"rotation":{"x":0.0425444170832634,"y":0.7496522665023804,"z":-0.048419639468193057,"w":0.6586877107620239},"size":9.104591369628907,"orthographic":false}