{"cameraMode":{"drawMode":0,"name":"Shaded","section":"Shading Mode"},"sceneLighting":false,"audioPlay":false,"sceneViewState":{"m_AlwaysRefresh":false,"showFog":true,"showSkybox":false,"showFlares":true,"showImageEffects":true,"showParticleSystems":true,"showVisualEffectGraphs":true,"m_FxEnabled":true},"in2DMode":false,"pivot":{"x":25.425918579101564,"y":-9.359146118164063,"z":82.05392456054688},"rotation":{"x":0.06300655007362366,"y":0.09151123464107514,"z":-0.0057846494019031528,"w":0.9938685894012451},"size":47.38908767700195,"orthographic":false}