{"cameraMode":{"drawMode":0,"name":"Shaded","section":"Shading Mode"},"sceneLighting":false,"audioPlay":false,"sceneViewState":{"m_AlwaysRefresh":false,"showFog":true,"showSkybox":false,"showFlares":true,"showImageEffects":true,"showParticleSystems":true,"showVisualEffectGraphs":true,"m_FxEnabled":true},"in2DMode":false,"pivot":{"x":4.23794412612915,"y":-2.6977462768554689,"z":16.46961784362793},"rotation":{"x":-0.11107417196035385,"y":-0.009840932674705983,"z":0.0010994392214342952,"w":-0.9937596917152405},"size":10.337725639343262,"orthographic":false}