{"cameraMode":{"drawMode":0,"name":"Shaded","section":"Shading Mode"},"sceneLighting":false,"audioPlay":false,"sceneViewState":{"m_AlwaysRefresh":false,"showFog":true,"showSkybox":false,"showFlares":true,"showImageEffects":true,"showParticleSystems":true,"showVisualEffectGraphs":true,"m_FxEnabled":true},"in2DMode":false,"pivot":{"x":43.615386962890628,"y":-15.101399421691895,"z":1.1378403902053834},"rotation":{"x":0.16166333854198457,"y":0.6819000244140625,"z":-0.15839345753192902,"w":0.6955171823501587},"size":21.47330665588379,"orthographic":false}