{"cameraMode":{"drawMode":0,"name":"Shaded","section":"Shading Mode"},"sceneLighting":false,"audioPlay":false,"sceneViewState":{"m_AlwaysRefresh":false,"showFog":true,"showSkybox":false,"showFlares":true,"showImageEffects":true,"showParticleSystems":true,"showVisualEffectGraphs":true,"m_FxEnabled":true},"in2DMode":false,"pivot":{"x":8.256650924682618,"y":3.4575350284576418,"z":-6.684938907623291},"rotation":{"x":0.2115502655506134,"y":-0.040086619555950168,"z":0.009093649685382843,"w":0.9767332077026367},"size":1.4113363027572632,"orthographic":false}