{"cameraMode":{"drawMode":0,"name":"Shaded","section":"Shading Mode"},"sceneLighting":false,"audioPlay":false,"sceneViewState":{"m_AlwaysRefresh":false,"showFog":true,"showSkybox":false,"showFlares":true,"showImageEffects":true,"showParticleSystems":true,"showVisualEffectGraphs":true,"m_FxEnabled":true},"in2DMode":false,"pivot":{"x":2.0295300483703615,"y":0.8426679968833923,"z":-2.563075304031372},"rotation":{"x":0.010854569263756276,"y":-0.8422785997390747,"z":0.016571583226323129,"w":0.5388038158416748},"size":3.013719081878662,"orthographic":false}