{"cameraMode":{"drawMode":0,"name":"Shaded","section":"Shading Mode"},"sceneLighting":false,"audioPlay":false,"sceneViewState":{"m_AlwaysRefresh":false,"showFog":true,"showSkybox":false,"showFlares":true,"showImageEffects":true,"showParticleSystems":true,"showVisualEffectGraphs":true,"m_FxEnabled":true},"in2DMode":false,"pivot":{"x":2.4480152130126955,"y":-0.197958305478096,"z":-0.03494390845298767},"rotation":{"x":-0.25051096081733706,"y":-0.4225921630859375,"z":0.11827792227268219,"w":-0.8629727959632874},"size":3.3073947429656984,"orthographic":false}